Order_ID,Order_Date,Month,Region,Customer_Segment,Marketing_Channel,Product_Category,Unit_Price_USD,Units_Sold,Discount_Rate,Ad_Spend_USD,Website_Visits,Delivery_Days,Customer_Rating,Revenue_USD,Cost_USD,Profit_USD
BI-0001,2025-01-01,Jan,West,Returning Customer,Social Media,Sports,111.69,2,0.044,34.88,463,3,4.13,220.09,123.14,70.57
BI-0002,2025-01-02,Jan,Central,Returning Customer,Organic Search,Beauty,37.77,1,0.081,5.0,366,3,4.91,34.13,16.79,7.39
BI-0003,2025-01-03,Jan,East,New Customer,Organic Search,Sports,103.24,1,0.036,58.55,550,3,4.75,96.2,55.14,1.65
BI-0004,2025-01-04,Jan,West,Returning Customer,Social Media,Sports,113.06,2,0.067,79.78,668,3,4.74,216.78,124.67,41.03
BI-0005,2025-01-05,Jan,West,Returning Customer,Social Media,Sports,106.37,1,0.068,61.53,671,3,4.77,97.84,58.84,-2.03
BI-0006,2025-01-06,Jan,East,Returning Customer,Paid Ads,Electronics,205.18,3,0.13,86.68,710,2,4.19,538.55,428.68,57.4
BI-0007,2025-01-07,Jan,East,Returning Customer,Email,Home & Kitchen,81.3,2,0.097,43.22,565,2,4.68,146.92,95.89,22.46
BI-0008,2025-01-08,Jan,West,Returning Customer,Paid Ads,Home & Kitchen,70.24,2,0.041,93.57,659,2,4.65,132.69,85.18,-8.75
BI-0009,2025-01-09,Jan,West,Returning Customer,Paid Ads,Home & Kitchen,93.57,2,0.088,77.9,610,4,4.43,160.78,108.82,-0.48
BI-0010,2025-01-10,Jan,West,Returning Customer,Email,Beauty,38.82,2,0.084,30.69,516,4,4.69,75.26,33.48,15.3
BI-0011,2025-01-11,Jan,North,Business Account,Email,Home & Kitchen,70.0,4,0.112,46.43,574,3,4.64,277.54,164.75,80.05
BI-0012,2025-01-12,Jan,East,Returning Customer,Paid Ads,Home & Kitchen,83.56,3,0.079,87.52,829,3,4.37,215.52,142.93,17.26
BI-0013,2025-01-13,Jan,South,Returning Customer,Social Media,Sports,94.36,2,0.073,87.69,607,3,5.0,180.9,100.51,24.96
BI-0014,2025-01-14,Jan,Central,New Customer,Email,Home & Kitchen,80.36,2,0.136,23.21,420,3,4.41,139.81,92.83,27.01
BI-0015,2025-01-15,Jan,East,New Customer,Social Media,Sports,130.27,2,0.105,89.91,722,2,3.95,249.26,142.4,52.61
BI-0016,2025-01-16,Jan,North,Returning Customer,Social Media,Electronics,200.06,2,0.113,53.89,588,2,4.63,356.38,278.21,43.73
BI-0017,2025-01-17,Jan,North,Returning Customer,Social Media,Beauty,42.18,2,0.078,54.19,514,3,4.31,80.87,38.67,5.19
BI-0018,2025-01-18,Jan,Central,New Customer,Marketplace,Electronics,182.67,2,0.076,49.36,524,4,5.0,326.0,245.94,43.31
BI-0019,2025-01-19,Jan,East,Returning Customer,Organic Search,Electronics,155.89,1,0.027,6.88,435,2,4.32,151.09,99.48,43.03
BI-0020,2025-01-20,Jan,East,New Customer,Organic Search,Sports,94.54,1,0.152,53.06,604,3,4.96,79.41,53.41,-10.38
BI-0021,2025-01-21,Jan,North,New Customer,Organic Search,Electronics,215.85,1,0.041,15.71,412,3,4.7,209.98,147.05,47.09
BI-0022,2025-01-22,Jan,Central,Business Account,Organic Search,Electronics,249.65,3,0.123,70.65,627,3,3.96,663.53,517.84,99.63
BI-0023,2025-01-23,Jan,North,Business Account,Marketplace,Fashion,65.41,2,0.079,36.51,484,2,4.34,127.54,61.91,40.75
BI-0024,2025-01-24,Jan,South,Returning Customer,Paid Ads,Electronics,253.53,2,0.111,63.38,566,4,4.24,431.56,340.76,46.34
BI-0025,2025-01-25,Jan,Central,Business Account,Paid Ads,Home & Kitchen,89.48,4,0.161,102.9,838,4,4.29,312.16,199.03,46.94
BI-0026,2025-01-26,Jan,West,Business Account,Organic Search,Sports,119.65,2,0.114,33.52,469,3,3.94,224.9,134.55,64.72
BI-0027,2025-01-27,Jan,West,Business Account,Organic Search,Beauty,43.27,2,0.061,7.92,430,1,4.67,82.61,41.14,34.71
BI-0028,2025-01-28,Jan,East,Business Account,Organic Search,Electronics,231.33,2,0.063,46.57,534,3,4.72,437.63,317.59,87.23
BI-0029,2025-01-29,Jan,South,New Customer,Organic Search,Electronics,206.85,1,0.013,38.0,533,3,4.06,211.07,140.71,42.25
BI-0030,2025-01-30,Jan,Central,Returning Customer,Marketplace,Electronics,159.51,2,0.063,86.9,686,4,4.39,279.82,207.43,14.99
BI-0031,2025-01-31,Jan,East,Returning Customer,Paid Ads,Fashion,46.98,3,0.051,99.97,778,2,4.67,134.56,75.24,-0.47
BI-0032,2025-02-01,Feb,Central,New Customer,Organic Search,Electronics,200.08,1,0.079,23.54,501,4,4.23,169.63,129.88,17.21
BI-0033,2025-02-02,Feb,South,Business Account,Organic Search,Fashion,73.5,2,0.057,14.87,515,3,4.82,133.98,74.85,43.76
BI-0034,2025-02-03,Feb,West,New Customer,Paid Ads,Sports,115.19,2,0.052,125.97,803,4,4.22,226.59,124.02,23.68
BI-0035,2025-02-04,Feb,North,Business Account,Paid Ads,Sports,114.78,4,0.112,91.59,844,2,3.91,402.51,262.36,84.97
BI-0036,2025-02-05,Feb,North,Returning Customer,Paid Ads,Beauty,38.73,5,0.102,132.39,963,2,4.68,176.0,84.6,13.79
BI-0037,2025-02-06,Feb,North,Returning Customer,Paid Ads,Electronics,237.87,3,0.168,89.72,760,3,4.29,598.27,495.77,45.95
BI-0038,2025-02-07,Feb,West,Returning Customer,Paid Ads,Sports,128.92,3,0.108,141.76,932,4,4.33,334.3,215.92,30.82
BI-0039,2025-02-08,Feb,Central,Returning Customer,Organic Search,Electronics,202.79,1,0.063,39.54,544,4,4.68,187.49,128.29,27.86
BI-0040,2025-02-09,Feb,Central,Returning Customer,Organic Search,Sports,102.83,2,0.0,5.0,490,4,4.15,192.81,111.93,68.53
BI-0041,2025-02-10,Feb,West,New Customer,Organic Search,Beauty,42.09,2,0.026,32.03,558,2,4.17,81.38,39.75,19.22
BI-0042,2025-02-11,Feb,South,New Customer,Social Media,Beauty,33.71,3,0.077,98.16,684,4,3.77,91.29,47.33,-19.63
BI-0043,2025-02-12,Feb,East,New Customer,Organic Search,Fashion,63.02,2,0.044,24.46,490,3,4.0,123.73,66.43,36.65
BI-0044,2025-02-13,Feb,East,Returning Customer,Social Media,Beauty,33.29,2,0.064,64.47,574,2,4.54,62.48,29.16,-6.94
BI-0045,2025-02-14,Feb,South,New Customer,Organic Search,Fashion,53.7,1,0.057,29.87,473,4,3.96,47.72,29.23,-7.54
BI-0046,2025-02-15,Feb,East,Returning Customer,Marketplace,Sports,95.85,1,0.06,24.19,537,4,3.94,90.97,55.69,12.38
BI-0047,2025-02-16,Feb,Central,New Customer,Social Media,Sports,93.09,1,0.032,62.37,559,3,4.63,83.7,52.12,-9.93
BI-0048,2025-02-17,Feb,West,New Customer,Email,Fashion,68.5,2,0.147,44.74,523,4,3.91,110.24,72.35,3.68
BI-0049,2025-02-18,Feb,Central,Returning Customer,Social Media,Electronics,198.9,2,0.141,58.95,590,4,4.13,334.49,266.6,25.87
BI-0050,2025-02-19,Feb,West,New Customer,Social Media,Home & Kitchen,65.24,2,0.076,115.89,762,3,4.28,123.39,77.07,-24.62
BI-0051,2025-02-20,Feb,West,Returning Customer,Marketplace,Home & Kitchen,91.28,2,0.065,38.93,421,3,4.29,169.49,112.06,28.82
BI-0052,2025-02-21,Feb,North,New Customer,Organic Search,Beauty,36.52,1,0.092,23.19,427,2,4.16,33.04,15.45,0.03
BI-0053,2025-02-22,Feb,South,Business Account,Email,Sports,100.58,3,0.13,49.13,561,4,4.39,267.06,168.2,62.24
BI-0054,2025-02-23,Feb,West,Returning Customer,Paid Ads,Fashion,61.26,3,0.085,85.62,800,4,4.19,170.32,94.75,18.89
BI-0055,2025-02-24,Feb,North,Business Account,Organic Search,Electronics,186.94,1,0.016,5.0,400,3,4.26,183.48,131.79,41.74
BI-0056,2025-02-25,Feb,West,New Customer,Paid Ads,Home & Kitchen,92.16,2,0.1,106.65,761,3,4.28,155.59,109.47,-19.74
BI-0057,2025-02-26,Feb,West,Business Account,Paid Ads,Home & Kitchen,75.59,2,0.048,53.95,676,3,4.62,137.53,89.05,11.6
BI-0058,2025-02-27,Feb,North,New Customer,Organic Search,Fashion,71.29,2,0.077,22.85,423,1,4.86,126.21,69.32,41.92
BI-0059,2025-02-28,Feb,North,Business Account,Email,Electronics,210.29,2,0.089,28.31,525,2,5.0,400.67,276.77,103.53
BI-0060,2025-03-01,Mar,South,Returning Customer,Email,Home & Kitchen,91.5,3,0.146,46.44,648,2,4.54,222.44,168.58,23.52
BI-0061,2025-03-02,Mar,West,New Customer,Marketplace,Beauty,33.01,2,0.077,45.22,583,3,3.94,60.74,31.58,-2.91
BI-0062,2025-03-03,Mar,East,New Customer,Marketplace,Fashion,63.82,1,0.032,41.35,499,2,4.61,57.36,33.04,-3.23
BI-0063,2025-03-04,Mar,East,New Customer,Social Media,Home & Kitchen,88.51,2,0.052,54.79,623,4,4.65,159.46,101.53,18.2
BI-0064,2025-03-05,Mar,East,New Customer,Social Media,Beauty,39.42,2,0.068,60.93,616,3,4.5,72.06,37.26,-5.91
BI-0065,2025-03-06,Mar,Central,Business Account,Organic Search,Beauty,38.14,2,0.051,5.0,384,5,3.3,76.91,32.97,29.19
BI-0066,2025-03-07,Mar,Central,Business Account,Social Media,Electronics,201.53,3,0.154,95.69,813,4,4.88,513.99,416.39,35.37
BI-0067,2025-03-08,Mar,West,Returning Customer,Paid Ads,Sports,121.99,3,0.083,88.49,790,3,4.43,341.36,187.64,97.85
BI-0068,2025-03-09,Mar,Central,New Customer,Organic Search,Sports,120.97,1,0.026,21.51,400,4,4.07,119.17,64.19,33.55
BI-0069,2025-03-10,Mar,Central,Returning Customer,Email,Electronics,207.39,1,0.112,34.78,531,4,4.68,175.48,135.63,11.12
BI-0070,2025-03-11,Mar,North,New Customer,Email,Electronics,195.95,1,0.091,5.0,458,3,4.24,173.33,129.22,34.16
BI-0071,2025-03-12,Mar,South,Returning Customer,Paid Ads,Sports,101.79,4,0.156,92.35,876,3,3.98,329.0,218.04,52.97
BI-0072,2025-03-13,Mar,East,Returning Customer,Organic Search,Sports,116.99,2,0.1,40.84,651,1,4.48,211.52,126.11,60.55
BI-0073,2025-03-14,Mar,East,Returning Customer,Email,Beauty,38.03,3,0.123,30.82,608,4,4.98,102.45,49.27,26.63
BI-0074,2025-03-15,Mar,South,New Customer,Organic Search,Fashion,74.36,1,0.067,35.96,556,3,4.47,70.43,33.73,9.72
BI-0075,2025-03-16,Mar,East,New Customer,Marketplace,Home & Kitchen,80.06,3,0.118,32.18,672,3,4.49,212.96,134.42,53.64
BI-0076,2025-03-17,Mar,West,New Customer,Marketplace,Home & Kitchen,85.35,2,0.102,31.64,491,3,4.43,147.11,95.4,27.1
BI-0077,2025-03-18,Mar,East,Returning Customer,Email,Beauty,39.05,2,0.066,43.34,637,3,4.7,73.87,34.77,8.06
BI-0078,2025-03-19,Mar,West,New Customer,Marketplace,Home & Kitchen,88.6,2,0.066,68.67,644,3,4.4,165.08,100.15,19.96
BI-0079,2025-03-20,Mar,East,Returning Customer,Organic Search,Electronics,229.06,1,0.037,32.06,550,2,5.0,206.0,150.06,33.51
BI-0080,2025-03-21,Mar,West,New Customer,Paid Ads,Electronics,217.96,2,0.112,106.15,845,4,3.53,353.39,296.81,-11.4
BI-0081,2025-03-22,Mar,West,New Customer,Marketplace,Home & Kitchen,79.62,2,0.087,35.99,539,4,4.07,149.32,89.27,30.66
BI-0082,2025-03-23,Mar,East,Returning Customer,Email,Home & Kitchen,90.53,2,0.101,19.53,532,3,4.0,163.46,114.01,31.51
BI-0083,2025-03-24,Mar,East,New Customer,Email,Home & Kitchen,83.43,2,0.136,37.13,680,2,4.83,143.9,93.15,25.52
BI-0084,2025-03-25,Mar,West,Returning Customer,Organic Search,Sports,88.98,2,0.042,5.0,374,3,4.89,166.48,102.79,53.74
BI-0085,2025-03-26,Mar,North,New Customer,Social Media,Home & Kitchen,70.74,2,0.076,71.99,593,3,4.25,130.81,84.34,-0.32
BI-0086,2025-03-27,Mar,West,Business Account,Marketplace,Beauty,42.44,3,0.087,73.43,691,4,4.53,118.62,55.09,13.54
BI-0087,2025-03-28,Mar,West,Returning Customer,Social Media,Home & Kitchen,82.23,3,0.142,85.12,665,3,4.47,221.24,141.27,25.95
BI-0088,2025-03-29,Mar,East,New Customer,Organic Search,Electronics,205.36,1,0.042,6.5,471,4,4.24,180.28,135.27,31.83
BI-0089,2025-03-30,Mar,East,Returning Customer,Organic Search,Home & Kitchen,85.38,1,0.052,43.19,605,3,5.0,74.45,48.58,-5.09
BI-0090,2025-03-31,Mar,West,New Customer,Organic Search,Electronics,214.64,2,0.086,38.34,588,3,4.15,394.07,291.92,73.86
BI-0091,2025-04-01,Apr,Central,Business Account,Organic Search,Home & Kitchen,69.63,2,0.041,13.46,372,3,5.0,131.33,79.74,36.99
BI-0092,2025-04-02,Apr,West,Returning Customer,Paid Ads,Home & Kitchen,77.23,3,0.044,93.47,766,3,4.58,229.06,130.61,39.84
BI-0093,2025-04-03,Apr,North,New Customer,Organic Search,Fashion,63.9,2,0.071,26.58,593,3,4.26,127.85,71.02,35.01
BI-0094,2025-04-04,Apr,North,Returning Customer,Organic Search,Electronics,220.59,1,0.033,5.0,430,2,4.27,205.81,161.98,36.28
BI-0095,2025-04-05,Apr,South,Returning Customer,Organic Search,Fashion,54.25,1,0.0,7.16,341,2,4.09,54.16,29.49,15.93
BI-0096,2025-04-06,Apr,East,Business Account,Organic Search,Home & Kitchen,90.71,2,0.03,33.12,597,2,4.04,176.61,106.42,47.18
BI-0097,2025-04-07,Apr,East,New Customer,Paid Ads,Electronics,184.77,3,0.145,122.93,1012,2,4.8,466.28,353.08,40.79
BI-0098,2025-04-08,Apr,South,New Customer,Paid Ads,Beauty,34.69,4,0.111,80.66,701,4,4.31,121.04,64.63,2.45
BI-0099,2025-04-09,Apr,South,New Customer,Email,Sports,118.74,2,0.091,32.92,566,4,4.81,212.69,132.32,52.67
BI-0100,2025-04-10,Apr,East,New Customer,Organic Search,Sports,125.76,1,0.042,26.55,424,1,4.79,121.63,65.95,38.68
BI-0101,2025-04-11,Apr,Central,Returning Customer,Email,Home & Kitchen,63.28,2,0.106,27.1,520,5,3.72,107.89,70.93,10.06
BI-0102,2025-04-12,Apr,Central,Returning Customer,Organic Search,Fashion,45.65,2,0.041,33.57,467,5,3.3,83.41,48.81,4.13
BI-0103,2025-04-13,Apr,Central,New Customer,Paid Ads,Fashion,53.42,3,0.113,91.35,834,3,4.15,133.23,84.0,-8.21
BI-0104,2025-04-14,Apr,East,Returning Customer,Organic Search,Electronics,182.92,2,0.0,33.36,565,3,4.57,372.69,254.49,92.65
BI-0105,2025-04-15,Apr,Central,Returning Customer,Paid Ads,Beauty,33.29,5,0.082,102.9,876,4,4.14,152.22,74.24,11.78
BI-0106,2025-04-16,Apr,Central,Returning Customer,Organic Search,Electronics,200.52,2,0.066,54.43,540,4,4.26,388.17,256.16,92.47
BI-0107,2025-04-17,Apr,South,New Customer,Paid Ads,Fashion,72.48,2,0.144,118.92,802,4,4.41,124.03,76.35,-27.32
BI-0108,2025-04-18,Apr,East,Returning Customer,Marketplace,Fashion,62.52,2,0.0,67.07,600,1,4.62,119.61,65.79,14.53
BI-0109,2025-04-19,Apr,East,Business Account,Email,Electronics,256.93,2,0.055,43.32,666,3,4.55,508.83,345.46,132.34
BI-0110,2025-04-20,Apr,North,New Customer,Organic Search,Beauty,37.96,2,0.073,24.61,573,2,5.0,73.94,35.8,19.81
BI-0111,2025-04-21,Apr,North,New Customer,Paid Ads,Fashion,63.37,2,0.092,95.5,827,4,4.33,118.82,68.03,-11.34
BI-0112,2025-04-22,Apr,West,New Customer,Marketplace,Electronics,215.97,1,0.013,29.37,456,3,3.32,222.77,143.44,55.98
BI-0113,2025-04-23,Apr,North,Returning Customer,Organic Search,Sports,130.02,2,0.131,25.22,532,2,4.4,224.91,141.04,65.2
BI-0114,2025-04-24,Apr,East,Returning Customer,Social Media,Sports,122.71,3,0.103,102.14,758,2,4.67,330.93,193.36,76.6
BI-0115,2025-04-25,Apr,East,New Customer,Social Media,Electronics,153.04,1,0.09,90.25,737,3,5.0,137.16,110.28,-29.96
BI-0116,2025-04-26,Apr,South,Returning Customer,Marketplace,Sports,121.59,1,0.042,59.0,522,4,4.41,116.42,65.42,8.95
BI-0117,2025-04-27,Apr,West,New Customer,Paid Ads,Sports,94.4,3,0.125,74.3,741,3,4.81,245.74,158.49,39.19
BI-0118,2025-04-28,Apr,South,Returning Customer,Paid Ads,Home & Kitchen,94.14,3,0.119,96.22,695,2,4.58,261.8,161.99,42.09
BI-0119,2025-04-29,Apr,Central,Business Account,Email,Fashion,73.42,3,0.105,31.61,577,4,3.52,201.47,115.77,58.71
BI-0120,2025-04-30,Apr,East,Returning Customer,Organic Search,Home & Kitchen,75.51,2,0.0,33.49,594,3,4.72,150.39,91.77,33.0
BI-0121,2025-05-01,May,Central,Returning Customer,Email,Home & Kitchen,77.61,2,0.065,42.12,509,4,3.87,140.88,92.46,15.65
BI-0122,2025-05-02,May,West,New Customer,Marketplace,Electronics,186.31,1,0.03,30.3,438,2,4.49,169.27,126.8,21.0
BI-0123,2025-05-03,May,West,Returning Customer,Paid Ads,Fashion,73.02,3,0.101,72.28,644,3,4.85,201.27,111.11,43.21
BI-0124,2025-05-04,May,South,Returning Customer,Paid Ads,Electronics,175.06,2,0.084,77.27,670,3,4.17,326.5,240.76,36.04
BI-0125,2025-05-05,May,Central,New Customer,Social Media,Sports,91.23,2,0.134,90.39,687,5,4.37,156.59,99.01,-4.13
BI-0126,2025-05-06,May,South,New Customer,Organic Search,Electronics,283.44,1,0.069,7.79,341,4,4.0,264.48,197.88,52.71
BI-0127,2025-05-07,May,North,Business Account,Social Media,Fashion,73.41,3,0.103,98.63,708,2,4.48,199.75,118.86,21.84
BI-0128,2025-05-08,May,West,Returning Customer,Social Media,Beauty,26.99,3,0.108,43.52,593,2,4.58,75.64,36.21,10.7
BI-0129,2025-05-09,May,West,Business Account,Organic Search,Sports,89.31,2,0.042,13.06,459,2,4.69,187.52,94.46,81.07
BI-0130,2025-05-10,May,West,Returning Customer,Marketplace,Electronics,217.11,2,0.07,49.03,543,3,3.87,411.05,292.91,83.97
BI-0131,2025-05-11,May,South,Returning Customer,Email,Fashion,57.0,2,0.067,29.95,519,4,4.13,104.02,59.8,18.15
BI-0132,2025-05-12,May,South,Business Account,Organic Search,Sports,102.98,2,0.002,17.21,366,4,4.11,191.33,114.08,58.18
BI-0133,2025-05-13,May,Central,Returning Customer,Email,Sports,104.01,2,0.187,39.26,592,5,4.21,153.81,116.98,3.23
BI-0134,2025-05-14,May,North,Business Account,Marketplace,Fashion,54.56,3,0.091,35.49,576,1,4.28,155.46,85.41,48.13
BI-0135,2025-05-15,May,Central,Returning Customer,Social Media,Sports,107.17,1,0.089,68.36,543,3,4.75,96.9,57.25,-5.15
BI-0136,2025-05-16,May,South,New Customer,Organic Search,Fashion,58.96,1,0.073,5.0,388,4,4.1,52.93,29.99,10.59
BI-0137,2025-05-17,May,South,Returning Customer,Paid Ads,Beauty,33.3,5,0.179,125.78,940,3,4.21,130.86,72.17,-17.69
BI-0138,2025-05-18,May,East,New Customer,Organic Search,Beauty,38.33,2,0.034,70.57,633,4,4.71,70.05,34.75,-13.12
BI-0139,2025-05-19,May,West,Returning Customer,Organic Search,Beauty,41.14,2,0.016,5.0,458,4,3.84,84.28,34.87,37.06
BI-0140,2025-05-20,May,North,Returning Customer,Social Media,Sports,108.05,2,0.079,64.14,612,2,4.5,196.69,117.15,39.47
BI-0141,2025-05-21,May,West,New Customer,Marketplace,Beauty,29.1,2,0.104,45.71,462,3,4.4,51.2,26.79,-7.94
BI-0142,2025-05-22,May,Central,Returning Customer,Email,Fashion,70.03,3,0.163,48.85,562,4,4.65,169.73,108.38,24.88
BI-0143,2025-05-23,May,West,New Customer,Paid Ads,Beauty,39.0,3,0.103,105.42,808,4,4.0,104.99,54.27,-16.86
BI-0144,2025-05-24,May,Central,Returning Customer,Organic Search,Sports,118.73,1,0.037,5.0,381,4,4.25,116.57,63.72,40.5
BI-0145,2025-05-25,May,North,Business Account,Organic Search,Sports,128.65,2,0.012,31.8,587,3,4.41,261.09,139.67,96.73
BI-0146,2025-05-26,May,North,New Customer,Email,Sports,85.87,1,0.083,13.5,533,4,4.77,81.04,49.58,14.44
BI-0147,2025-05-27,May,West,New Customer,Paid Ads,Sports,89.39,2,0.107,75.86,748,4,4.0,145.89,97.41,-2.85
BI-0148,2025-05-28,May,South,Returning Customer,Paid Ads,Electronics,237.0,2,0.081,75.64,721,3,4.65,436.36,323.98,63.58
BI-0149,2025-05-29,May,Central,Business Account,Marketplace,Beauty,43.43,1,0.0,54.93,369,3,4.76,40.88,18.79,-15.33
BI-0150,2025-05-30,May,West,Business Account,Paid Ads,Beauty,33.36,4,0.08,73.54,743,4,3.72,118.58,62.77,5.77
BI-0151,2025-05-31,May,North,Business Account,Paid Ads,Fashion,55.06,3,0.072,82.81,792,2,3.67,142.24,83.63,8.26
BI-0152,2025-06-01,Jun,South,New Customer,Paid Ads,Sports,101.37,2,0.038,99.42,781,3,4.67,192.83,109.22,21.74
BI-0153,2025-06-02,Jun,Central,Returning Customer,Organic Search,Electronics,216.01,1,0.067,6.78,386,4,4.63,199.07,147.42,38.31
BI-0154,2025-06-03,Jun,West,Returning Customer,Email,Electronics,222.31,2,0.175,38.91,600,3,4.44,355.23,299.28,27.35
BI-0155,2025-06-04,Jun,East,Returning Customer,Paid Ads,Electronics,215.84,3,0.119,102.03,878,3,4.57,568.31,432.13,72.87
BI-0156,2025-06-05,Jun,Central,New Customer,Paid Ads,Beauty,43.12,3,0.051,99.53,725,3,4.82,116.57,61.83,-7.2
BI-0157,2025-06-06,Jun,East,New Customer,Organic Search,Fashion,59.85,1,0.049,22.87,520,3,4.36,57.21,31.05,6.39
BI-0158,2025-06-07,Jun,Central,Returning Customer,Paid Ads,Fashion,75.2,3,0.083,98.7,749,4,4.21,212.92,115.42,33.62
BI-0159,2025-06-08,Jun,North,Returning Customer,Paid Ads,Home & Kitchen,77.21,4,0.167,106.88,832,2,4.74,258.3,172.09,22.62
BI-0160,2025-06-09,Jun,North,Returning Customer,Organic Search,Home & Kitchen,79.97,1,0.07,26.6,423,2,4.13,79.46,46.83,13.21
BI-0161,2025-06-10,Jun,East,Returning Customer,Organic Search,Sports,107.41,1,0.069,19.42,476,2,3.82,100.27,56.42,28.38
BI-0162,2025-06-11,Jun,South,Returning Customer,Paid Ads,Home & Kitchen,73.23,3,0.114,102.33,791,4,4.62,191.11,124.62,0.61
BI-0163,2025-06-12,Jun,West,Returning Customer,Social Media,Fashion,71.12,3,0.093,84.74,720,3,3.8,195.44,104.29,37.34
BI-0164,2025-06-13,Jun,West,New Customer,Social Media,Sports,99.46,2,0.053,95.22,707,4,4.44,189.81,111.28,16.56
BI-0165,2025-06-14,Jun,East,Business Account,Paid Ads,Fashion,65.34,4,0.119,108.91,856,3,4.34,250.48,133.43,49.95
BI-0166,2025-06-15,Jun,East,Returning Customer,Organic Search,Fashion,58.77,2,0.061,13.2,483,3,4.73,115.89,60.92,40.51
BI-0167,2025-06-16,Jun,Central,New Customer,Email,Sports,122.36,1,0.087,22.5,452,4,4.25,107.93,64.77,21.19
BI-0168,2025-06-17,Jun,Central,New Customer,Paid Ads,Beauty,35.62,3,0.074,107.19,723,5,4.46,103.9,52.82,-19.88
BI-0169,2025-06-18,Jun,Central,Business Account,Paid Ads,Home & Kitchen,72.59,3,0.09,75.6,683,4,4.44,203.06,124.66,27.22
BI-0170,2025-06-19,Jun,South,Returning Customer,Organic Search,Fashion,64.05,1,0.051,5.0,370,5,4.46,58.54,32.14,11.65
BI-0171,2025-06-20,Jun,South,Returning Customer,Organic Search,Home & Kitchen,76.7,2,0.042,20.25,414,3,4.46,153.24,88.06,46.84
BI-0172,2025-06-21,Jun,Central,Returning Customer,Organic Search,Beauty,43.89,3,0.084,34.23,596,3,4.48,120.1,57.91,36.17
BI-0173,2025-06-22,Jun,Central,Returning Customer,Email,Sports,113.09,2,0.082,20.71,495,4,5.0,211.78,119.71,71.08
BI-0174,2025-06-23,Jun,South,Returning Customer,Organic Search,Electronics,187.26,1,0.047,19.3,423,4,4.07,185.21,129.53,35.47
BI-0175,2025-06-24,Jun,North,Returning Customer,Organic Search,Electronics,207.87,1,0.014,40.98,557,1,4.95,207.74,142.57,40.23
BI-0176,2025-06-25,Jun,East,Business Account,Marketplace,Electronics,222.04,1,0.063,47.49,589,3,4.28,204.22,153.18,17.72
BI-0177,2025-06-26,Jun,North,Returning Customer,Organic Search,Home & Kitchen,104.24,1,0.005,5.0,380,1,5.0,108.27,61.04,42.08
BI-0178,2025-06-27,Jun,East,Returning Customer,Social Media,Home & Kitchen,89.56,3,0.035,87.48,744,4,4.2,268.97,169.86,41.4
BI-0179,2025-06-28,Jun,Central,New Customer,Organic Search,Electronics,199.05,1,0.0,5.0,398,4,4.95,209.32,136.59,60.39
BI-0180,2025-06-29,Jun,Central,New Customer,Paid Ads,Fashion,62.75,3,0.113,103.93,820,6,4.02,175.42,101.8,2.06
BI-0181,2025-06-30,Jun,South,Returning Customer,Organic Search,Fashion,72.8,2,0.056,46.46,490,2,4.6,134.75,75.93,28.46
BI-0182,2025-07-01,Jul,Central,New Customer,Social Media,Electronics,158.22,1,0.083,96.63,663,5,3.85,141.02,113.25,-37.37
BI-0183,2025-07-02,Jul,East,Returning Customer,Social Media,Sports,81.14,2,0.049,73.56,641,3,4.85,164.1,86.14,30.31
BI-0184,2025-07-03,Jul,East,Returning Customer,Paid Ads,Electronics,187.74,3,0.086,115.15,877,2,4.43,547.34,378.24,100.96
BI-0185,2025-07-04,Jul,West,New Customer,Social Media,Sports,120.43,1,0.08,68.44,536,3,4.59,103.62,67.79,-9.01
BI-0186,2025-07-05,Jul,East,Returning Customer,Marketplace,Electronics,187.64,1,0.081,15.12,413,2,4.45,176.53,125.6,37.82
BI-0187,2025-07-06,Jul,West,Returning Customer,Social Media,Sports,88.25,2,0.06,80.37,675,3,3.6,159.99,102.43,6.15
BI-0188,2025-07-07,Jul,South,Returning Customer,Social Media,Beauty,40.81,2,0.068,56.59,441,2,4.46,74.75,36.86,1.97
BI-0189,2025-07-08,Jul,North,Returning Customer,Marketplace,Beauty,42.69,2,0.017,77.8,560,3,4.4,80.64,38.79,-8.13
BI-0190,2025-07-09,Jul,North,Business Account,Marketplace,Beauty,41.74,3,0.096,27.51,592,2,4.32,116.91,55.29,41.69
BI-0191,2025-07-10,Jul,North,Business Account,Marketplace,Beauty,35.24,2,0.105,46.61,459,1,4.12,62.7,30.4,4.27
BI-0192,2025-07-11,Jul,East,New Customer,Organic Search,Beauty,35.9,1,0.051,31.92,486,3,4.6,34.13,15.01,-5.63
BI-0193,2025-07-12,Jul,West,Returning Customer,Organic Search,Fashion,64.72,2,0.058,5.0,415,3,4.47,128.71,67.3,51.45
BI-0194,2025-07-13,Jul,Central,New Customer,Paid Ads,Home & Kitchen,83.75,3,0.177,114.63,748,3,4.78,208.75,150.88,-12.37
BI-0195,2025-07-14,Jul,North,Returning Customer,Social Media,Sports,105.95,2,0.122,76.46,640,4,4.43,187.03,114.15,21.23
BI-0196,2025-07-15,Jul,West,Returning Customer,Email,Sports,107.18,2,0.182,31.13,471,5,4.51,172.66,122.36,21.18
BI-0197,2025-07-16,Jul,North,Returning Customer,Paid Ads,Sports,123.8,3,0.094,97.62,737,1,4.81,343.01,207.19,79.73
BI-0198,2025-07-17,Jul,West,Returning Customer,Social Media,Electronics,166.28,2,0.161,64.39,650,2,4.47,255.83,229.22,-13.6
BI-0199,2025-07-18,Jul,South,Returning Customer,Organic Search,Fashion,65.36,2,0.063,46.82,578,5,4.67,123.53,69.02,16.76
BI-0200,2025-07-19,Jul,South,New Customer,Organic Search,Electronics,208.15,2,0.056,46.52,558,3,4.01,414.39,273.27,108.34
BI-0201,2025-07-20,Jul,West,Returning Customer,Email,Fashion,76.0,4,0.123,52.9,640,4,4.06,271.65,162.02,70.93
BI-0202,2025-07-21,Jul,West,Returning Customer,Marketplace,Home & Kitchen,79.45,2,0.106,10.55,471,3,4.5,136.91,88.96,34.94
BI-0203,2025-07-22,Jul,Central,New Customer,Email,Beauty,36.21,2,0.099,49.83,463,3,4.4,63.25,34.48,-5.84
BI-0204,2025-07-23,Jul,South,Returning Customer,Social Media,Electronics,244.1,2,0.085,60.06,631,3,4.42,429.28,331.33,57.72
BI-0205,2025-07-24,Jul,Central,Business Account,Social Media,Electronics,204.61,2,0.078,91.73,683,3,4.56,362.48,268.95,35.88
BI-0206,2025-07-25,Jul,East,Business Account,Organic Search,Electronics,183.35,1,0.134,25.24,436,4,3.98,155.11,125.85,5.78
BI-0207,2025-07-26,Jul,East,Returning Customer,Social Media,Home & Kitchen,70.43,2,0.078,57.4,605,3,4.29,129.78,79.82,11.2
BI-0208,2025-07-27,Jul,East,New Customer,Paid Ads,Beauty,45.14,4,0.113,90.69,830,1,4.72,158.77,84.08,22.41
BI-0209,2025-07-28,Jul,West,New Customer,Organic Search,Beauty,29.29,1,0.095,15.68,386,2,4.46,27.99,13.62,0.94
BI-0210,2025-07-29,Jul,West,Returning Customer,Email,Fashion,71.52,2,0.081,50.43,623,3,4.37,116.39,75.16,6.29
BI-0211,2025-07-30,Jul,West,Business Account,Organic Search,Sports,110.89,1,0.045,5.0,391,3,4.71,106.64,63.74,32.95
BI-0212,2025-07-31,Jul,North,Returning Customer,Social Media,Beauty,46.4,3,0.084,53.71,518,2,4.1,125.13,62.58,28.21
BI-0213,2025-08-01,Aug,South,Returning Customer,Social Media,Fashion,70.05,2,0.06,95.06,616,2,4.87,137.18,71.66,8.45
BI-0214,2025-08-02,Aug,North,Business Account,Social Media,Electronics,212.87,2,0.033,62.91,640,2,4.65,423.9,298.34,86.16
BI-0215,2025-08-03,Aug,Central,Business Account,Social Media,Beauty,29.69,3,0.066,60.24,631,5,4.51,85.15,39.74,0.27
BI-0216,2025-08-04,Aug,West,New Customer,Paid Ads,Electronics,184.53,2,0.116,86.65,778,3,4.53,331.15,251.79,24.51
BI-0217,2025-08-05,Aug,South,Returning Customer,Paid Ads,Fashion,58.87,3,0.096,121.63,778,4,4.59,157.98,93.68,-12.2
BI-0218,2025-08-06,Aug,North,Returning Customer,Organic Search,Home & Kitchen,86.11,1,0.02,5.0,452,1,4.69,82.24,49.31,27.78
BI-0219,2025-08-07,Aug,East,Returning Customer,Organic Search,Electronics,228.97,1,0.077,5.0,448,2,4.61,202.56,155.75,39.26
BI-0220,2025-08-08,Aug,North,Business Account,Email,Sports,122.94,2,0.088,79.89,713,2,4.6,229.23,136.33,44.16
BI-0221,2025-08-09,Aug,Central,Returning Customer,Email,Fashion,59.82,2,0.146,45.45,515,3,4.21,106.2,61.87,12.14
BI-0222,2025-08-10,Aug,South,Business Account,Organic Search,Sports,111.67,2,0.048,48.36,510,3,3.84,205.98,135.99,36.2
BI-0223,2025-08-11,Aug,West,Returning Customer,Organic Search,Beauty,29.59,2,0.07,21.16,403,2,3.9,50.1,25.4,8.26
BI-0224,2025-08-12,Aug,West,New Customer,Paid Ads,Home & Kitchen,96.64,3,0.126,111.09,795,3,4.53,249.26,166.19,14.77
BI-0225,2025-08-13,Aug,South,New Customer,Organic Search,Home & Kitchen,78.25,1,0.027,8.51,304,4,4.3,78.61,44.49,19.84
BI-0226,2025-08-14,Aug,East,New Customer,Paid Ads,Sports,110.26,3,0.14,95.74,727,3,4.18,284.47,167.7,56.91
BI-0227,2025-08-15,Aug,South,New Customer,Email,Electronics,191.81,1,0.152,16.64,468,2,4.2,168.51,134.08,20.47
BI-0228,2025-08-16,Aug,East,Returning Customer,Email,Home & Kitchen,95.78,3,0.161,50.65,612,1,3.97,237.13,162.27,44.6
BI-0229,2025-08-17,Aug,North,New Customer,Social Media,Home & Kitchen,101.32,1,0.098,67.62,655,3,4.76,94.16,58.16,-8.4
BI-0230,2025-08-18,Aug,West,Returning Customer,Email,Home & Kitchen,104.9,2,0.126,37.05,471,3,4.54,183.48,114.87,41.03
BI-0231,2025-08-19,Aug,Central,Returning Customer,Email,Electronics,209.23,1,0.118,53.5,524,4,4.46,183.59,139.24,5.32
BI-0232,2025-08-20,Aug,South,Business Account,Organic Search,Sports,104.1,1,0.004,24.67,411,5,4.27,106.37,60.52,20.28
BI-0233,2025-08-21,Aug,Central,Returning Customer,Paid Ads,Home & Kitchen,93.36,4,0.182,73.22,650,5,4.51,286.7,214.58,19.85
BI-0234,2025-08-22,Aug,South,Returning Customer,Email,Home & Kitchen,81.4,2,0.203,48.31,566,4,4.7,126.54,97.91,-7.55
BI-0235,2025-08-23,Aug,Central,Business Account,Marketplace,Fashion,68.14,2,0.123,22.94,403,4,4.27,113.07,68.77,22.08
BI-0236,2025-08-24,Aug,West,Returning Customer,Social Media,Home & Kitchen,89.97,2,0.128,76.43,668,3,4.14,164.77,103.93,11.61
BI-0237,2025-08-25,Aug,North,Returning Customer,Paid Ads,Home & Kitchen,94.07,3,0.118,103.74,850,3,4.1,248.06,161.09,22.72
BI-0238,2025-08-26,Aug,Central,Returning Customer,Marketplace,Electronics,215.02,1,0.111,39.32,575,4,4.25,193.06,148.44,13.4
BI-0239,2025-08-27,Aug,Central,New Customer,Social Media,Sports,126.73,1,0.117,41.72,451,4,3.67,116.6,68.57,15.49
BI-0240,2025-08-28,Aug,South,New Customer,Organic Search,Fashion,57.94,1,0.009,33.31,440,4,4.7,59.55,29.3,2.33
BI-0241,2025-08-29,Aug,North,Returning Customer,Marketplace,Sports,96.59,2,0.091,81.24,610,3,4.8,175.97,109.07,15.02
BI-0242,2025-08-30,Aug,South,Returning Customer,Organic Search,Electronics,229.64,1,0.107,41.88,543,4,4.12,198.41,149.33,16.44
BI-0243,2025-08-31,Aug,West,Returning Customer,Email,Electronics,208.92,2,0.139,39.37,588,3,4.56,349.93,284.65,36.43
BI-0244,2025-09-01,Sep,North,New Customer,Organic Search,Home & Kitchen,105.12,1,0.069,39.18,487,5,4.11,96.33,61.76,1.01
BI-0245,2025-09-02,Sep,West,Returning Customer,Social Media,Electronics,220.55,2,0.058,74.87,580,3,4.16,411.05,284.65,78.02
BI-0246,2025-09-03,Sep,North,New Customer,Marketplace,Home & Kitchen,88.47,1,0.047,57.18,482,2,4.11,87.86,52.55,-0.94
BI-0247,2025-09-04,Sep,West,Business Account,Paid Ads,Fashion,69.89,3,0.106,110.54,787,2,3.91,191.64,111.66,14.38
BI-0248,2025-09-05,Sep,North,Returning Customer,Organic Search,Beauty,34.25,1,0.0,5.0,356,2,4.52,32.46,15.3,9.61
BI-0249,2025-09-06,Sep,West,Returning Customer,Social Media,Beauty,39.96,3,0.129,64.49,593,4,4.51,102.16,54.02,3.07
BI-0250,2025-09-07,Sep,West,Returning Customer,Organic Search,Beauty,43.51,2,0.004,28.39,541,4,4.9,80.92,36.63,19.07
BI-0251,2025-09-08,Sep,North,Business Account,Paid Ads,Home & Kitchen,80.42,3,0.049,106.08,816,2,4.73,234.41,145.31,25.96
BI-0252,2025-09-09,Sep,South,New Customer,Social Media,Electronics,216.51,1,0.099,54.65,547,4,3.97,201.86,148.18,14.02
BI-0253,2025-09-10,Sep,Central,Returning Customer,Organic Search,Fashion,59.95,1,0.062,13.33,439,3,4.31,53.78,31.53,7.71
BI-0254,2025-09-11,Sep,South,Returning Customer,Organic Search,Electronics,189.37,1,0.039,19.3,436,3,4.37,168.03,123.67,26.54
BI-0255,2025-09-12,Sep,South,Returning Customer,Paid Ads,Beauty,35.46,3,0.127,126.39,876,3,4.83,96.87,47.19,-27.04
BI-0256,2025-09-13,Sep,West,Returning Customer,Organic Search,Beauty,40.83,2,0.03,29.97,477,3,4.33,80.99,39.4,17.9
BI-0257,2025-09-14,Sep,Central,New Customer,Social Media,Fashion,57.13,2,0.115,78.72,602,3,4.58,101.72,61.68,-10.45
BI-0258,2025-09-15,Sep,Central,New Customer,Social Media,Fashion,62.56,1,0.034,83.93,587,5,4.51,61.86,32.6,-28.91
BI-0259,2025-09-16,Sep,West,Returning Customer,Organic Search,Beauty,38.26,1,0.036,5.0,339,3,4.65,34.47,17.01,7.52
BI-0260,2025-09-17,Sep,North,Business Account,Social Media,Home & Kitchen,86.81,2,0.099,65.82,614,2,4.45,161.6,97.86,22.74
BI-0261,2025-09-18,Sep,East,Business Account,Organic Search,Electronics,214.17,1,0.014,10.56,384,1,4.59,215.21,139.1,67.9
BI-0262,2025-09-19,Sep,Central,New Customer,Social Media,Sports,90.5,1,0.036,65.41,494,4,4.06,86.25,48.09,-7.42
BI-0263,2025-09-20,Sep,Central,New Customer,Social Media,Beauty,39.94,1,0.087,57.96,540,3,3.86,34.89,16.89,-21.08
BI-0264,2025-09-21,Sep,East,Returning Customer,Email,Home & Kitchen,66.05,2,0.111,18.73,480,3,4.72,122.39,72.55,32.33
BI-0265,2025-09-22,Sep,East,Returning Customer,Social Media,Sports,109.47,2,0.107,100.08,618,1,4.64,186.8,120.69,8.67
BI-0266,2025-09-23,Sep,South,Business Account,Paid Ads,Beauty,42.85,3,0.096,95.14,656,6,4.29,118.66,61.65,-9.72
BI-0267,2025-09-24,Sep,West,Business Account,Marketplace,Fashion,69.1,2,0.025,46.93,434,3,4.25,145.4,71.99,40.41
BI-0268,2025-09-25,Sep,East,Returning Customer,Organic Search,Electronics,196.43,2,0.084,12.42,422,2,4.76,370.15,280.82,77.7
BI-0269,2025-09-26,Sep,East,New Customer,Paid Ads,Fashion,53.98,3,0.104,108.9,733,2,4.6,153.08,78.62,9.77
BI-0270,2025-09-27,Sep,Central,Returning Customer,Paid Ads,Beauty,32.03,4,0.119,114.72,815,2,4.48,112.92,56.65,-11.62
BI-0271,2025-09-28,Sep,North,Business Account,Social Media,Fashion,67.07,2,0.116,89.46,706,2,4.01,117.29,70.34,-7.06
BI-0272,2025-09-29,Sep,Central,New Customer,Social Media,Electronics,203.86,1,0.111,65.83,614,4,3.85,193.22,137.75,9.67
BI-0273,2025-09-30,Sep,South,Returning Customer,Paid Ads,Fashion,73.39,2,0.078,69.91,625,3,4.59,135.39,78.08,11.65
BI-0274,2025-10-01,Oct,Central,New Customer,Organic Search,Home & Kitchen,88.92,1,0.105,5.0,293,3,4.31,79.0,53.94,15.12
BI-0275,2025-10-02,Oct,North,New Customer,Marketplace,Sports,99.25,1,0.1,38.97,489,3,4.3,88.36,53.35,6.37
BI-0276,2025-10-03,Oct,North,Business Account,Email,Home & Kitchen,95.54,1,0.079,21.63,377,3,4.26,89.48,56.54,13.84
BI-0277,2025-10-04,Oct,North,New Customer,Social Media,Home & Kitchen,102.1,2,0.138,66.94,665,2,4.6,181.06,121.69,17.75
BI-0278,2025-10-05,Oct,North,Returning Customer,Social Media,Electronics,214.69,2,0.102,35.84,539,1,4.82,386.84,291.35,73.38
BI-0279,2025-10-06,Oct,East,Returning Customer,Email,Home & Kitchen,84.49,2,0.101,20.61,531,4,4.51,167.1,96.55,49.62
BI-0280,2025-10-07,Oct,East,Returning Customer,Organic Search,Electronics,246.75,2,0.001,63.52,553,3,3.85,508.32,335.12,131.07
BI-0281,2025-10-08,Oct,East,New Customer,Organic Search,Electronics,240.03,1,0.08,5.0,361,3,4.26,215.24,158.17,47.12
BI-0282,2025-10-09,Oct,Central,Returning Customer,Marketplace,Sports,118.33,1,0.113,28.33,446,5,4.04,104.24,62.14,14.52
BI-0283,2025-10-10,Oct,East,Returning Customer,Social Media,Fashion,64.3,2,0.148,41.99,509,3,3.91,107.8,70.07,7.44
BI-0284,2025-10-11,Oct,South,Returning Customer,Social Media,Beauty,39.59,2,0.112,82.94,633,5,4.0,70.36,36.13,-23.39
BI-0285,2025-10-12,Oct,North,New Customer,Email,Beauty,30.09,2,0.081,35.17,533,3,4.58,51.01,25.79,-1.33
BI-0286,2025-10-13,Oct,North,New Customer,Organic Search,Sports,117.41,1,0.028,21.43,420,2,4.06,108.61,65.54,26.48
BI-0287,2025-10-14,Oct,East,Returning Customer,Organic Search,Sports,126.93,1,0.004,5.0,322,2,4.45,120.26,69.69,43.02
BI-0288,2025-10-15,Oct,South,Returning Customer,Organic Search,Home & Kitchen,91.09,1,0.044,15.82,367,3,4.59,86.59,52.98,17.71
BI-0289,2025-10-16,Oct,North,New Customer,Organic Search,Electronics,211.16,1,0.06,28.2,482,3,4.67,209.54,144.74,42.1
BI-0290,2025-10-17,Oct,East,Returning Customer,Paid Ads,Home & Kitchen,81.18,5,0.2,107.62,829,2,4.34,316.13,231.51,20.63
BI-0291,2025-10-18,Oct,South,Business Account,Email,Beauty,30.4,3,0.107,85.39,713,3,4.85,79.37,40.78,-15.58
BI-0292,2025-10-19,Oct,West,Returning Customer,Email,Sports,115.24,1,0.075,32.39,417,3,4.7,109.06,63.24,20.8
BI-0293,2025-10-20,Oct,West,New Customer,Social Media,Beauty,31.87,2,0.075,83.51,636,4,4.7,56.85,29.15,-27.83
BI-0294,2025-10-21,Oct,South,Returning Customer,Paid Ads,Home & Kitchen,103.61,3,0.147,77.99,607,3,4.44,259.83,177.28,32.46
BI-0295,2025-10-22,Oct,West,Business Account,Social Media,Beauty,33.19,2,0.032,66.92,581,3,4.29,63.69,30.18,-10.5
BI-0296,2025-10-23,Oct,Central,Returning Customer,Paid Ads,Home & Kitchen,87.73,3,0.114,93.22,669,3,4.34,226.33,152.31,15.54
BI-0297,2025-10-24,Oct,East,Returning Customer,Email,Beauty,37.04,2,0.118,57.18,584,3,4.78,65.97,32.02,-4.7
BI-0298,2025-10-25,Oct,Central,Returning Customer,Marketplace,Home & Kitchen,90.9,1,0.08,70.76,554,4,4.29,83.34,53.27,-18.44
BI-0299,2025-10-26,Oct,East,New Customer,Paid Ads,Sports,99.3,2,0.13,144.31,972,2,3.96,173.34,102.07,-12.9
BI-0300,2025-10-27,Oct,North,Business Account,Paid Ads,Beauty,32.6,4,0.125,73.14,741,1,4.18,121.7,59.33,19.75
BI-0301,2025-10-28,Oct,South,New Customer,Social Media,Home & Kitchen,89.1,1,0.045,48.19,425,4,3.81,83.4,54.22,-6.92
BI-0302,2025-10-29,Oct,North,New Customer,Organic Search,Electronics,203.39,1,0.036,5.0,330,2,3.94,187.88,141.35,38.98
BI-0303,2025-10-30,Oct,East,Business Account,Marketplace,Fashion,70.17,2,0.092,50.78,457,3,3.78,119.23,70.3,13.81
BI-0304,2025-10-31,Oct,West,Returning Customer,Social Media,Home & Kitchen,62.18,2,0.044,61.44,520,3,4.2,120.8,72.95,6.86
BI-0305,2025-11-01,Nov,North,Returning Customer,Email,Home & Kitchen,70.5,3,0.148,50.99,625,2,4.14,182.8,127.39,22.57
BI-0306,2025-11-02,Nov,West,Returning Customer,Paid Ads,Fashion,65.9,5,0.152,96.23,835,3,4.68,278.9,179.18,39.6
BI-0307,2025-11-03,Nov,East,Returning Customer,Organic Search,Fashion,61.82,3,0.048,62.91,643,1,4.32,172.17,93.64,41.53
BI-0308,2025-11-04,Nov,Central,Business Account,Paid Ads,Fashion,57.24,2,0.072,90.69,678,3,3.99,107.19,60.02,-9.91
BI-0309,2025-11-05,Nov,West,Business Account,Organic Search,Home & Kitchen,92.91,2,0.076,15.43,482,3,4.22,166.15,105.43,45.04
BI-0310,2025-11-06,Nov,South,New Customer,Social Media,Home & Kitchen,81.89,2,0.054,75.1,601,4,4.03,153.44,92.83,9.71
BI-0311,2025-11-07,Nov,North,New Customer,Paid Ads,Beauty,36.6,5,0.15,135.3,949,3,4.11,157.78,83.08,-6.92
BI-0312,2025-11-08,Nov,West,Returning Customer,Marketplace,Beauty,36.54,2,0.104,72.16,669,3,4.61,61.44,31.86,-17.3
BI-0313,2025-11-09,Nov,East,Business Account,Social Media,Fashion,61.4,3,0.047,73.54,727,3,4.1,190.95,95.72,47.58
BI-0314,2025-11-10,Nov,East,Returning Customer,Email,Electronics,185.74,2,0.069,34.44,572,3,4.23,346.52,260.47,59.9
BI-0315,2025-11-11,Nov,South,New Customer,Social Media,Beauty,41.25,3,0.12,76.76,693,3,4.49,106.03,54.47,2.14
BI-0316,2025-11-12,Nov,East,New Customer,Social Media,Home & Kitchen,82.76,1,0.012,68.31,628,3,4.85,79.03,43.61,-9.35
BI-0317,2025-11-13,Nov,South,Returning Customer,Email,Sports,105.11,2,0.123,50.49,653,3,4.14,181.16,118.67,27.52
BI-0318,2025-11-14,Nov,North,New Customer,Organic Search,Beauty,40.51,2,0.0,29.94,537,3,4.32,81.57,35.47,22.44
BI-0319,2025-11-15,Nov,North,New Customer,Social Media,Electronics,210.75,2,0.141,92.98,820,3,4.13,350.19,280.52,11.34
BI-0320,2025-11-16,Nov,East,New Customer,Email,Electronics,184.8,2,0.146,23.38,627,3,4.32,311.93,249.45,42.42
BI-0321,2025-11-17,Nov,Central,Returning Customer,Organic Search,Beauty,35.22,2,0.013,18.72,481,4,4.05,69.11,35.53,13.69
BI-0322,2025-11-18,Nov,West,Returning Customer,Social Media,Beauty,37.47,3,0.16,71.7,605,3,4.99,91.28,49.37,-4.73
BI-0323,2025-11-19,Nov,North,Returning Customer,Social Media,Electronics,176.54,2,0.043,78.21,695,1,4.51,322.38,231.48,45.49
BI-0324,2025-11-20,Nov,East,Returning Customer,Social Media,Sports,95.86,1,0.064,71.33,646,3,4.55,86.92,54.95,-14.46
BI-0325,2025-11-21,Nov,North,Returning Customer,Email,Electronics,200.74,2,0.134,41.92,587,4,4.7,355.7,263.42,59.63
BI-0326,2025-11-22,Nov,East,Returning Customer,Paid Ads,Beauty,34.31,4,0.111,58.26,652,3,5.0,120.73,61.78,19.71
BI-0327,2025-11-23,Nov,East,Returning Customer,Marketplace,Sports,108.24,2,0.089,50.41,616,4,4.77,210.69,117.46,55.91
BI-0328,2025-11-24,Nov,Central,Returning Customer,Email,Electronics,220.01,3,0.135,22.59,592,3,4.75,587.25,433.72,133.9
BI-0329,2025-11-25,Nov,East,Business Account,Organic Search,Electronics,226.15,1,0.047,24.07,515,2,4.06,217.38,153.64,45.7
BI-0330,2025-11-26,Nov,East,Returning Customer,Organic Search,Electronics,222.16,1,0.035,15.18,396,2,4.85,224.0,159.06,51.8
BI-0331,2025-11-27,Nov,East,Returning Customer,Marketplace,Sports,101.14,2,0.1,28.78,503,2,4.63,180.64,106.3,53.71
BI-0332,2025-11-28,Nov,East,New Customer,Social Media,Electronics,203.96,1,0.117,63.04,648,2,4.92,185.89,136.44,9.97
BI-0333,2025-11-29,Nov,North,Returning Customer,Email,Home & Kitchen,80.49,2,0.134,32.65,553,2,4.96,141.85,92.52,26.57
BI-0334,2025-11-30,Nov,West,Returning Customer,Organic Search,Home & Kitchen,78.93,3,0.025,39.73,555,3,4.52,234.05,125.91,79.09
BI-0335,2025-12-01,Dec,North,New Customer,Social Media,Beauty,37.76,5,0.089,74.43,720,2,4.15,167.07,85.26,36.08
BI-0336,2025-12-02,Dec,North,New Customer,Organic Search,Electronics,224.32,2,0.067,38.81,493,4,3.85,435.92,311.25,93.73
BI-0337,2025-12-03,Dec,South,New Customer,Paid Ads,Fashion,73.75,3,0.029,90.5,733,3,4.15,207.23,105.97,44.28
BI-0338,2025-12-04,Dec,West,Returning Customer,Email,Home & Kitchen,74.52,2,0.069,36.6,533,4,4.22,149.65,87.51,32.41
BI-0339,2025-12-05,Dec,North,New Customer,Email,Fashion,63.6,2,0.136,52.44,663,3,3.81,104.95,70.25,-1.34
BI-0340,2025-12-06,Dec,Central,Business Account,Paid Ads,Sports,135.67,4,0.054,86.5,763,4,4.03,505.76,295.52,153.07
BI-0341,2025-12-07,Dec,Central,Business Account,Organic Search,Home & Kitchen,75.58,2,0.012,43.06,488,4,4.29,143.24,83.79,26.17
BI-0342,2025-12-08,Dec,North,Returning Customer,Paid Ads,Electronics,196.56,4,0.144,93.52,849,2,3.92,669.04,548.62,64.19
BI-0343,2025-12-09,Dec,South,Returning Customer,Organic Search,Electronics,244.23,1,0.063,25.61,544,4,3.85,219.69,170.3,25.7
BI-0344,2025-12-10,Dec,West,New Customer,Email,Beauty,40.41,2,0.062,34.04,572,5,4.54,78.29,34.59,12.97
BI-0345,2025-12-11,Dec,South,New Customer,Marketplace,Home & Kitchen,74.01,1,0.074,26.64,493,4,4.76,66.46,42.55,-0.35
BI-0346,2025-12-12,Dec,West,New Customer,Social Media,Fashion,60.51,2,0.081,58.81,627,4,4.25,108.51,65.1,1.47
BI-0347,2025-12-13,Dec,South,Business Account,Organic Search,Home & Kitchen,77.35,3,0.06,5.29,535,4,4.03,220.27,132.15,75.61
BI-0348,2025-12-14,Dec,Central,Returning Customer,Social Media,Beauty,38.27,3,0.098,77.76,656,5,3.95,102.23,54.85,-7.39
BI-0349,2025-12-15,Dec,East,New Customer,Paid Ads,Home & Kitchen,63.05,3,0.083,70.29,758,2,3.91,164.32,112.76,8.11
BI-0350,2025-12-16,Dec,Central,Business Account,Paid Ads,Sports,106.54,3,0.121,78.49,713,5,3.93,291.6,180.76,55.67
BI-0351,2025-12-17,Dec,West,Business Account,Organic Search,Sports,114.2,1,0.013,34.14,507,3,4.71,111.65,63.23,22.45
BI-0352,2025-12-18,Dec,North,Returning Customer,Social Media,Electronics,209.81,2,0.038,102.3,777,2,4.62,415.01,295.9,58.05
BI-0353,2025-12-19,Dec,South,Returning Customer,Social Media,Fashion,74.69,2,0.0,70.38,610,3,4.78,145.27,78.66,20.71
BI-0354,2025-12-20,Dec,East,New Customer,Email,Home & Kitchen,91.57,2,0.076,49.25,648,3,4.27,170.02,94.8,40.94
BI-0355,2025-12-21,Dec,North,New Customer,Social Media,Fashion,77.81,2,0.086,78.03,749,3,4.72,137.06,74.02,12.93
BI-0356,2025-12-22,Dec,West,Business Account,Paid Ads,Sports,106.1,3,0.145,97.68,851,4,4.8,267.14,180.27,23.55
BI-0357,2025-12-23,Dec,North,Returning Customer,Organic Search,Home & Kitchen,93.86,3,0.076,26.54,521,3,4.84,267.77,163.57,82.4
BI-0358,2025-12-24,Dec,North,Returning Customer,Email,Home & Kitchen,73.37,2,0.165,15.96,543,3,5.0,119.21,83.47,19.76
BI-0359,2025-12-25,Dec,South,New Customer,Marketplace,Sports,109.45,1,0.031,55.64,553,4,4.91,103.73,61.85,1.68
BI-0360,2025-12-26,Dec,North,Returning Customer,Email,Fashion,67.44,2,0.079,18.86,479,1,4.22,121.25,73.87,34.6
BI-0361,2025-12-27,Dec,North,Business Account,Email,Beauty,34.51,4,0.118,19.96,597,2,4.15,123.84,61.15,46.92
BI-0362,2025-12-28,Dec,South,New Customer,Paid Ads,Electronics,169.11,3,0.067,83.82,749,4,4.03,490.14,360.73,73.71
BI-0363,2025-12-29,Dec,Central,Business Account,Paid Ads,Sports,117.37,3,0.084,93.16,759,4,4.73,332.7,187.29,84.57
BI-0364,2025-12-30,Dec,East,Business Account,Social Media,Beauty,34.77,3,0.067,58.81,585,2,4.41,101.59,47.42,17.03
BI-0365,2025-12-31,Dec,East,Returning Customer,Email,Fashion,73.42,2,0.117,47.89,659,3,4.26,131.09,78.29,19.26
